beetag,sym_state,treatment,tank_no,pic_day,food,light,col_num,date,sacrifice_no,broken_airbrush,broken_skeleton,tin_weight,dry_weight,difference_dw.tw,AF_dry_weight,difference_dw.af,biomass,SA_foilweight_1,SA_foilweight_2,SA_foilweight_3,SA_foilweight_AVG,SA_stdev,multiplier,SA_AVG,biomass_cm2,sample_no,polyp_num,g_per_polyp,biomass_mg_cm2,average_g_cm2
B100W49,Aposymbiotic,Fed High Light,13,A,fed,high,145,3/22/24,30,0,0,2.2291,2.241,0.0119,2.2361,0.0049,0.0049,0.0234,0.0221,0.0234,0.022966667,0.000750555,0.003680476,6.240135708,0.000785239,61,22,0.000222727,0.785239,0.001883505
B11W44,Aposymbiotic,Fed High Light,14,A,fed,high,81,4/21/24,60,0,0,2.2208,2.2279,0.0071,2.2253,0.0026,0.0026,0.0107,0.0102,0.0107,0.010533333,0.000288675,0.003680476,2.861949033,0.000908472,61,9,0.000288889,0.908472,
B15W93,Aposymbiotic,Fed High Light,13,A,fed,high,26,3/22/24,30,0,0,2.237,2.2559,0.0189,2.2451,0.0108,0.0108,0.021,0.0197,0.0207,0.020466667,0.000680686,0.003680476,5.560875653,0.00194214,62,16,0.000675,1.94214,
B16W10,Aposymbiotic,Fed High Light,13,A,fed,high,103,5/21/24,90,0,0,2.2065,2.2209,0.0144,2.2131,0.0078,0.0078,0.0154,0.0146,0.0153,0.0151,0.00043589,0.003680476,4.102730734,0.001901173,11,14,0.000557143,1.901173,
B17W21,Aposymbiotic,Fed High Light,14,A,fed,high,48,4/21/24,60,0,0,2.2167,2.2265,0.0098,2.2222,0.0043,0.0043,0.0141,0.0146,0.0145,0.0144,0.000264575,0.003680476,3.912537919,0.001099031,62,11,0.000390909,1.099031,
B23W4,Aposymbiotic,Fed High Light,13,A,fed,high,38,3/22/24,30,0,0,2.2004,2.2082,0.0078,2.2039,0.0043,0.0043,0.0082,0.0082,0.0079,0.0081,0.000173205,0.003680476,2.200802579,0.001953833,63,11,0.000390909,1.953833,
B52W13,Aposymbiotic,Fed High Light,13,A,fed,high,100,3/22/24,30,0,0,2.1975,2.2057,0.0082,2.2028,0.0029,0.0029,0.0129,0.0124,0.0115,0.012266667,0.00070946,0.003680476,3.332902672,0.000870112,64,12,0.000241667,0.870112,
B59W90,Aposymbiotic,Fed High Light,13,A,fed,high,72,3/22/24,30,0,0,2.2526,2.2647,0.0121,2.2591,0.0056,0.0056,0.0189,0.018,0.0173,0.018066667,0.000802081,0.003680476,4.908786,0.001140812,65,18,0.000311111,1.140812,
B5W77,Aposymbiotic,Fed High Light,14,A,fed,high,118,4/21/24,60,0,0,2.2184,2.2251,0.0067,2.2223,0.0028,0.0028,0.0092,0.0077,0.0083,0.0084,0.000754983,0.003680476,2.282313786,0.001226825,68,8,0.00035,1.226825,
B63W43,Aposymbiotic,Fed High Light,14,A,fed,high,29,4/21/24,60,0,0,2.2193,2.2331,0.0138,2.2255,0.0076,0.0076,0.0144,0.0156,0.0143,0.014766667,0.000723418,0.003680476,4.012162727,0.00189424,69,13,0.000584615,1.89424,
B73W67,Aposymbiotic,Fed High Light,14,A,fed,high,UNIQUE,4/21/24,60,0,0,2.2029,2.2115,0.0086,2.2065,0.005,0.005,0.0148,0.0155,0.0148,0.015033333,0.000404145,0.003680476,4.084617133,0.001224105,70,9,0.000555556,1.224105,
B75W32,Aposymbiotic,Fed High Light,13,A,fed,high,113,5/21/24,90,0,0,2.2224,2.2393,0.0169,2.2312,0.0081,0.0081,0.0094,0.0083,0.0093,0.009,0.000608276,0.003680476,2.445336199,0.003312428,15,12,0.000675,3.312428,
B76W29,Aposymbiotic,Fed High Light,13,A,fed,high,90,5/21/24,90,0,0,2.2225,2.2323,0.0098,2.2286,0.0037,0.0037,0.0073,0.0085,0.0081,0.007966667,0.00061101,0.003680476,2.164575376,0.001709342,16,10,0.00037,1.709342,
B87W39,Aposymbiotic,Fed High Light,13,A,fed,high,43,5/21/24,90,0,0,2.2106,2.2177,0.0071,2.2147,0.003,0.003,0.0113,0.0113,0.0105,0.011033333,0.00046188,0.003680476,2.997801044,0.001000734,18,11,0.000272727,1.000734,
B93W75,Aposymbiotic,Fed High Light,13,A,fed,high,75,5/21/24,90,0,0,2.2213,2.2332,0.0119,2.2274,0.0058,0.0058,0.0115,0.0113,0.0115,0.011433333,0.00011547,0.003680476,3.106482653,0.001867063,20,12,0.000483333,1.867063,
B1W82,Aposymbiotic,Initial,NA,,NA,NA,126,2/21/24,0,0,NA,2.2349,2.2472,0.0123,2.2421,0.0051,0.0051,0.0151,0.0133,0.0159,0.014766667,0.001331666,0.003680476,4.012162727,0.001271135,1,6,0.00085,1.271135,
B21W42,Aposymbiotic,Initial,NA,,NA,NA,111,2/21/24,0,0,NA,2.259,2.3049,0.0459,2.2768,0.0281,0.0281,0.0339,0.0316,0.0344,0.0333,0.001493318,0.003680476,9.047743937,0.003105747,2,12,0.002341667,3.105747,
B28Y47,Aposymbiotic,Initial,NA,,NA,NA,111,2/21/24,0,0,NA,2.2054,2.2332,0.0278,2.2157,0.0175,0.0175,0.0267,0.0255,0.025,0.025733333,0.000873689,0.003680476,6.99185017,0.002502914,3,12,0.001458333,2.502914,
B30Y10,Aposymbiotic,Initial,NA,,NA,NA,95,2/21/24,0,0,NA,2.2766,2.306,0.0294,2.2845,0.0215,0.0215,0.0208,0.019,0.0216,0.020466667,0.001331666,0.003680476,5.560875653,0.003866298,6,13,0.001653846,3.866298,
B37B42,Aposymbiotic,Initial,NA,,NA,NA,25,2/21/24,0,0,1,2.2089,2.2292,0.0203,2.2187,0.0105,0.0105,0.0242,0.0236,0.0222,0.023333333,0.00102632,0.003680476,6.339760517,0.001656214,8,13,0.000807692,1.656214,
B38B15,Aposymbiotic,Initial,NA,,NA,NA,102,2/21/24,0,0,NA,2.2197,2.2371,0.0174,2.226,0.0111,0.0111,0.0198,0.0173,0.0195,0.018866667,0.00136504,0.003680476,5.126149218,0.002165368,10,13,0.000853846,2.165368,
B41G72,Aposymbiotic,Initial,NA,,NA,NA,95,2/21/24,0,0,NA,2.1823,2.2098,0.0275,2.1939,0.0159,0.0159,0.0201,0.0209,0.0203,0.020433333,0.000416333,0.003680476,5.551818852,0.002863926,13,15,0.00106,2.863926,
B46B15,Aposymbiotic,Initial,NA,,NA,NA,105,2/21/24,0,0,NA,2.2265,2.2367,0.0102,2.2309,0.0058,0.0058,0.0136,0.0143,0.0148,0.014233333,0.000602771,0.003680476,3.867253915,0.001499772,15,12,0.000483333,1.499772,
B46Y20,Aposymbiotic,Initial,NA,,NA,NA,113,2/21/24,0,0,NA,2.2223,2.2426,0.0203,2.2297,0.0129,0.0129,0.0179,0.0178,0.0195,0.0184,0.000953939,0.003680476,4.999354007,0.002580333,16,10,0.00129,2.580333,
B48G12,Aposymbiotic,Initial,NA,,NA,NA,55,2/21/24,0,0,NA,2.2146,2.2256,0.011,2.2226,0.003,0.003,0.014,0.0142,0.0136,0.013933333,0.000305505,0.003680476,3.785742708,0.000792447,17,11,0.000272727,0.792447,
B51B57,Aposymbiotic,Initial,NA,,NA,NA,112,2/21/24,0,0,NA,2.3026,2.318,0.0154,2.3093,0.0087,0.0087,0.0161,0.017,0.0152,0.0161,0.0009,0.003680476,4.374434756,0.001988828,19,13,0.000669231,1.988828,
B55G23,Aposymbiotic,Initial,NA,,NA,NA,12,2/21/24,0,0,NA,2.2111,2.2353,0.0242,2.2214,0.0139,0.0139,0.0211,0.0209,0.0183,0.0201,0.00156205,0.003680476,5.461250845,0.002545204,22,10,0.00139,2.545204,
B5G11,Aposymbiotic,Initial,NA,,NA,NA,126,2/21/24,0,0,0,2.2052,2.2283,0.0231,2.2201,0.0082,0.0082,0.0277,0.0287,0.028,0.028133333,0.00051316,0.003680476,7.643939823,0.001072745,26,10,0.00082,1.072745,
B67W84,Aposymbiotic,Initial,NA,,NA,NA,124,2/21/24,0,0,0,2.2633,2.2815,0.0182,2.2713,0.0102,0.0102,0.0112,0.0138,0.0126,0.012533333,0.001301281,0.003680476,3.405357077,0.002995281,29,9,0.001133333,2.995281,
B70B50,Aposymbiotic,Initial,NA,,NA,NA,114,2/21/24,0,0,0,2.2054,2.2286,0.0232,2.2145,0.0141,0.0141,0.018,0.0203,0.0223,0.0202,0.002151743,0.003680476,5.488421247,0.002569045,30,14,0.001007143,2.569045,
B71W31,Aposymbiotic,Initial,NA,,NA,NA,107,2/21/24,0,0,0,2.2075,2.2228,0.0153,2.2141,0.0087,0.0087,0.0206,0.0203,0.0195,0.020133333,0.000568624,0.003680476,5.470307646,0.001590404,31,11,0.000790909,1.590404,
B77Y65,Aposymbiotic,Initial,NA,,NA,NA,115,2/21/24,0,0,0,2.2201,2.2382,0.0181,2.2276,0.0106,0.0106,0.0126,0.0127,0.0136,0.012966667,0.000550757,0.003680476,3.523095487,0.003008718,33,13,0.000815385,3.008718,
B78Y55,Aposymbiotic,Initial,NA,,NA,NA,UNIQUE,2/21/24,0,0,0,2.2424,2.2579,0.0155,2.2489,0.009,0.009,0.0164,0.0171,0.0158,0.016433333,0.000650641,0.003680476,4.465002764,0.002015676,34,11,0.000818182,2.015676,
B87G78,Aposymbiotic,Initial,NA,,NA,NA,34,2/21/24,0,0,0,2.2171,2.2285,0.0114,2.2222,0.0063,0.0063,0.0197,0.0182,0.0178,0.018566667,0.001001665,0.003680476,5.044638011,0.001248851,36,10,0.00063,1.248851,
B97W52,Aposymbiotic,Initial,NA,,NA,NA,3,2/21/24,0,0,0,2.2129,2.2248,0.0119,2.2172,0.0076,0.0076,0.0162,0.0173,0.0145,0.016,0.001410674,0.003680476,4.347264354,0.001748226,40,11,0.000690909,1.748226,
B12W57,Symbiotic,Fed High Light,14,A,fed,high,129,3/22/24,30,0,0,2.1917,2.2058,0.0141,2.1966,0.0092,0.0092,0.0154,0.0151,0.0142,0.0149,0.0006245,0.003680476,4.04838993,0.002272508,66,19,0.000484211,2.272508,0.002828632
B13W26,Symbiotic,Fed High Light,14,A,fed,high,65,3/22/24,30,0,0,2.2236,2.2316,0.008,2.2279,0.0037,0.0037,0.0112,0.0121,0.0116,0.011633333,0.000450925,0.003680476,3.160823458,0.001170581,67,14,0.000264286,1.170581,
B14W11,Symbiotic,Fed High Light,14,A,fed,high,134,3/22/24,30,0,0,2.2487,2.2643,0.0156,2.2535,0.0108,0.0108,0.0141,0.0132,0.0127,0.013333333,0.00070946,0.003680476,3.622720295,0.002981185,68,15,0.00072,2.981185,
B26W80,Symbiotic,Fed High Light,13,A,fed,high,140,5/21/24,90,0,0,2.2354,2.2624,0.027,2.2404,0.022,0.022,0.0118,0.0116,0.0119,0.011766667,0.000152753,0.003680476,3.197050661,0.006881342,12,13,0.001692308,6.881342,
B28W53,Symbiotic,Fed High Light,13,A,fed,high,UNIQUE,5/21/24,90,0,0,NA,2.2058,NA,2.1993,0.0065,0.0065,0.0039,0.0037,0.0037,0.003766667,0.00011547,0.003680476,1.023418483,0.006351263,80,10,0.00065,6.351263,
B31W65,Symbiotic,Fed High Light,14,A,fed,high,83,3/22/24,30,0,0,2.1899,2.1993,0.0094,2.195,0.0043,0.0043,0.0115,0.0122,0.0118,0.011833333,0.000351188,0.003680476,3.215164262,0.001337412,69,10,0.00043,1.337412,
B32W74,Symbiotic,Fed High Light,14,A,fed,high,59,3/22/24,30,0,0,2.2456,2.2598,0.0142,2.2536,0.0062,0.0062,0.0078,0.0076,0.0065,0.0073,0.0007,0.003680476,1.983439362,0.003125883,70,10,0.00062,3.125883,
B43W71,Symbiotic,Fed High Light,14,A,fed,high,86,4/21/24,60,0,0,2.2469,2.2628,0.0159,2.2527,0.0101,0.0101,0.0144,0.0133,0.0131,0.0136,0.0007,0.003680476,3.695174701,0.002733294,63,15,0.000673333,2.733294,
B45W62,Symbiotic,Fed High Light,14,A,fed,high,104,4/21/24,60,0,0,2.2342,2.245,0.0108,2.238,0.007,0.007,0.0104,0.0115,0.0101,0.010666667,0.000737111,0.003680476,2.898176236,0.002415312,64,12,0.000583333,2.415312,
B46W23,Symbiotic,Fed High Light,14,A,fed,high,146,4/21/24,60,0,0,2.2012,2.2079,0.0067,2.2036,0.0043,0.0043,0.0066,0.0064,0.0062,0.0064,0.0002,0.003680476,1.738905742,0.002472819,65,12,0.000358333,2.472819,
B48W76,Symbiotic,Fed High Light,14,A,fed,high,39,4/21/24,60,0,0,2.166,2.176,0.01,2.1712,0.0048,0.0048,0.012,0.0127,0.0125,0.0124,0.000360555,0.003680476,3.369129875,0.0014247,66,8,6.00E-04,1.4247,
B58W100,Symbiotic,Fed High Light,14,A,fed,high,24,4/21/24,60,0,0,2.2094,2.2283,0.0189,2.2144,0.0139,0.0139,0.0132,0.0144,0.0126,0.0134,0.000916515,0.003680476,3.640833897,0.003817807,67,14,0.000992857,3.817807,
B70W70,Symbiotic,Fed High Light,13,A,fed,high,69,5/21/24,90,0,0,2.2498,2.2586,0.0088,2.2533,0.0053,0.0053,0.0081,0.0079,0.0088,0.008266667,0.000472582,0.003680476,2.246086583,0.00235966,14,9,0.000588889,2.35966,
B7W51,Symbiotic,Fed High Light,13,A,fed,high,122,5/21/24,90,0,0,2.2279,2.2473,0.0194,2.2347,0.0126,0.0126,0.0144,0.0135,0.0145,0.014133333,0.000550757,0.003680476,3.840083513,0.003281179,17,13,0.000969231,3.281179,
B92W41,Symbiotic,Fed High Light,13,A,fed,high,92,5/21/24,90,0,0,2.244,2.2554,0.0114,2.2483,0.0071,0.0071,0.0143,0.015,0.0137,0.014333333,0.000650641,0.003680476,3.894424317,0.001823119,19,12,0.000591667,1.823119,
B29W28,Symbiotic,Initial,NA,,NA,NA,137,2/21/24,0,0,NA,2.217,2.232,0.015,2.2259,0.0061,0.0061,0.0173,0.0176,0.0194,0.0181,0.001135782,0.003680476,4.917842801,0.001240381,4,10,0.00061,1.240381,
B2G57,Symbiotic,Initial,NA,,NA,NA,UNIQUE,2/21/24,0,0,NA,2.2241,2.2467,0.0226,2.2355,0.0112,0.0112,0.0184,0.0181,0.0177,0.018066667,0.000351188,0.003680476,4.908786,0.002281623,5,14,8.00E-04,2.281623,
B31B33,Symbiotic,Initial,NA,,NA,NA,133,2/21/24,0,0,NA,2.2335,2.2594,0.0259,2.2413,0.0181,0.0181,0.0111,0.012,0.0137,0.012266667,0.001320353,0.003680476,3.332902672,0.005430702,7,15,0.001206667,5.430702,
B37W48,Symbiotic,Initial,NA,,NA,NA,14,2/21/24,0,0,NA,2.1967,2.2167,0.02,2.2038,0.0129,0.0129,0.016,0.0171,0.0164,0.0165,0.000556776,0.003680476,4.483116365,0.002877463,9,12,0.001075,2.877463,
B38G93,Symbiotic,Initial,NA,,NA,NA,136,2/21/24,0,0,NA,2.2022,2.2294,0.0272,2.2139,0.0155,0.0155,0.018,0.0171,0.0172,0.017433333,0.000493288,0.003680476,4.736706786,0.003272316,11,15,0.001033333,3.272316,
B39W27,Symbiotic,Initial,NA,,NA,NA,52,2/21/24,0,0,NA,2.22197,2.2336,0.0116,2.2265,0.0071,0.0071,0.0164,0.0173,0.0161,0.0166,0.0006245,0.003680476,4.510286768,0.001574179,12,8,0.0008875,1.574179,
B44Y44,Symbiotic,Initial,NA,,NA,NA,32,2/21/24,0,0,NA,2.21,2.2226,0.0126,2.2149,0.0077,0.0077,0.0183,0.0187,0.0201,0.019033333,0.000945163,0.003680476,5.171433221,0.001488949,14,13,0.000592308,1.488949,
B49G17,Symbiotic,Initial,NA,,NA,NA,140,2/21/24,0,0,NA,2.2045,2.2161,0.0116,2.2083,0.0078,0.0078,0.0136,0.0135,0.0141,0.013733333,0.000321455,0.003680476,3.731401904,0.002090367,18,9,0.000866667,2.090367,
B51Y72,Symbiotic,Initial,NA,,NA,NA,140,2/21/24,0,0,NA,2.1903,2.2063,0.016,2.1963,0.01,0.01,0.0144,0.0157,0.0134,0.0145,0.001153256,0.003680476,3.939708321,0.002538259,20,11,0.000909091,2.538259,
B54G84,Symbiotic,Initial,NA,,NA,NA,119,2/21/24,0,0,NA,2.2453,2.27,0.0247,2.2572,0.0128,0.0128,0.0131,0.0133,0.0124,0.012933333,0.000472582,0.003680476,3.514038686,0.003642532,21,12,0.001066667,3.642532,
B55Y80,Symbiotic,Initial,NA,,NA,NA,147,2/21/24,0,0,NA,2.2423,2.2579,0.0156,2.2468,0.0111,0.0111,0.0103,0.0105,0.0106,0.010466667,0.000152753,0.003680476,2.843835432,0.003903179,23,10,0.00111,3.903179,
B58Y64,Symbiotic,Initial,NA,,NA,NA,2,2/21/24,0,0,NA,2.254,2.2767,0.0227,2.2643,0.0124,0.0124,0.0129,0.0132,0.0128,0.012966667,0.000208167,0.003680476,3.523095487,0.003519632,24,15,0.000826667,3.519632,
B59Y38,Symbiotic,Initial,NA,,NA,NA,128,2/21/24,0,0,0,2.1995,2.218,0.0185,2.2061,0.0119,0.0119,0.018,0.0185,0.0182,0.018233333,0.000251661,0.003680476,4.954070004,0.002402065,25,12,0.000991667,2.402065,
B64B8,Symbiotic,Initial,NA,,NA,NA,41,2/21/24,0,0,0,2.2334,2.2594,0.026,2.2507,0.0087,0.0087,0.0095,0.0096,0.0093,0.009466667,0.000152753,0.003680476,2.57213141,0.003382409,27,12,0.000725,3.382409,
B67B87,Symbiotic,Initial,NA,,NA,NA,136,2/21/24,0,0,0,2.2607,2.2732,0.0125,2.2655,0.0077,0.0077,0.0165,0.014,0.0154,0.0153,0.001252996,0.003680476,4.157071539,0.001852265,28,8,0.0009625,1.852265,
B72W95,Symbiotic,Initial,NA,,NA,NA,5,2/21/24,0,0,0,2.2282,2.2702,0.042,2.2427,0.0275,0.0275,0.0332,0.0338,0.0341,0.0337,0.000458258,0.003680476,9.156425546,0.003003355,32,15,0.001833333,3.003355,
B82B33,Symbiotic,Initial,NA,,NA,NA,139,2/21/24,0,0,0,2.2215,2.2501,0.0286,2.2352,0.0149,0.0149,0.0213,0.0215,0.0245,0.022433333,0.001792577,0.003680476,6.095226897,0.002444536,35,13,0.001146154,2.444536,
B88G21,Symbiotic,Initial,NA,,NA,NA,14,2/21/24,0,0,0,2.2405,2.2737,0.0332,2.2561,0.0176,0.0176,0.0198,0.0209,0.02,0.020233333,0.000585947,0.003680476,5.497478048,0.003201468,37,20,0.00088,3.201468,
B88W83,Symbiotic,Initial,NA,,NA,NA,32,2/21/24,0,0,0,2.2909,2.3156,0.0247,2.2993,0.0163,0.0163,0.0187,0.0202,0.0203,0.019733333,0.000896289,0.003680476,5.361626037,0.003040123,38,17,0.000958824,3.040123,
B8B39,Symbiotic,Initial,NA,,NA,NA,4,2/21/24,0,0,0,2.2626,2.2742,0.0116,2.2699,0.0043,0.0043,0.0115,0.0115,0.0117,0.011566667,0.00011547,0.003680476,3.142709856,0.001368246,39,15,0.000286667,1.368246,