,Date_holo,Chamber.Channel_holo,Genotype_holo,TempC_holo,TempK_holo,Origin_holo,colorstate,Color_holo,Rdark_umol.cm2.hr_corr,abs_Rcorr,ln_R
241,20170710,10,WBC,18,291.15,RI,RI_brown,brown,-0.429373722,0.429373722,-0.845427592
88,20170712,6,WBF,18,291.15,RI,RI_brown,brown,-0.712960631,0.712960631,-0.338329076
251,20170707,6,WBG,18,291.15,RI,RI_brown,brown,-0.523230198,0.523230198,-0.647733763
256,20170708,3,WBI,18,291.15,RI,RI_brown,brown,-0.424817467,0.424817467,-0.856095692
261,20170708,4,WBK,18,291.15,RI,RI_brown,brown,-0.62729889,0.62729889,-0.466332153
108,20170716,9,WBN,18,291.15,RI,RI_brown,brown,-0.531447082,0.531447082,-0.63215165
113,20170714,7,WBO,18,291.15,RI,RI_brown,brown,0.046667344,0.046667344,-3.064710631
118,20170716,3,WBP,18,291.15,RI,RI_brown,brown,-0.394949079,0.394949079,-0.928998436
81,20170714,5,WBC,12,285.15,RI,RI_brown,brown,-0.300725335,0.300725335,-1.201557939
82,20170714,5,WBC,15,288.15,RI,RI_brown,brown,-0.241604936,0.241604936,-1.420451383
84,20170714,5,WBC,6,279.15,RI,RI_brown,brown,0.013954972,0.013954972,-4.271919418
85,20170714,5,WBC,9,282.15,RI,RI_brown,brown,-0.250992159,0.250992159,-1.382333579
86,20170712,6,WBF,12,285.15,RI,RI_brown,brown,0.025697014,0.025697014,-3.661380481
87,20170712,6,WBF,15,288.15,RI,RI_brown,brown,-0.27793461,0.27793461,-1.280369409
89,20170712,6,WBF,6,279.15,RI,RI_brown,brown,0.303838992,0.303838992,-1.191257349
90,20170712,6,WBF,9,282.15,RI,RI_brown,brown,-0.032995751,0.032995751,-3.411376483
91,20170712,10,WBG,12,285.15,RI,RI_brown,brown,-0.192931326,0.192931326,-1.645420977
92,20170712,10,WBG,15,288.15,RI,RI_brown,brown,-0.232805451,0.232805451,-1.457552148
94,20170712,10,WBG,6,279.15,RI,RI_brown,brown,0.389517808,0.389517808,-0.942845695
95,20170712,10,WBG,9,282.15,RI,RI_brown,brown,0.072790881,0.072790881,-2.620164593
96,20170713,10,WBI,12,285.15,RI,RI_brown,brown,0.020797649,0.020797649,-3.872915328
97,20170713,10,WBI,15,288.15,RI,RI_brown,brown,-0.341343982,0.341343982,-1.074864565
99,20170713,10,WBI,6,279.15,RI,RI_brown,brown,0.139793931,0.139793931,-1.967585862
100,20170713,10,WBI,9,282.15,RI,RI_brown,brown,-0.503357025,0.503357025,-0.686455569
101,20170713,3,WBK,12,285.15,RI,RI_brown,brown,0.100876538,0.100876538,-2.293857906
102,20170713,3,WBK,15,288.15,RI,RI_brown,brown,0.040574438,0.040574438,-3.204617017
104,20170713,3,WBK,6,279.15,RI,RI_brown,brown,0.016889065,0.016889065,-4.081088908
105,20170713,3,WBK,9,282.15,RI,RI_brown,brown,-0.355655841,0.355655841,-1.033791754
106,20170716,9,WBN,12,285.15,RI,RI_brown,brown,-0.056264352,0.056264352,-2.877694124
107,20170716,9,WBN,15,288.15,RI,RI_brown,brown,-0.032760242,0.032760242,-3.418539633
109,20170716,9,WBN,6,279.15,RI,RI_brown,brown,-0.179681307,0.179681307,-1.716570514
110,20170716,9,WBN,9,282.15,RI,RI_brown,brown,-0.289186982,0.289186982,-1.240681804
111,20170714,7,WBO,12,285.15,RI,RI_brown,brown,-0.158549302,0.158549302,-1.84168968
112,20170714,7,WBO,15,288.15,RI,RI_brown,brown,-0.341152524,0.341152524,-1.075425617
114,20170714,7,WBO,6,279.15,RI,RI_brown,brown,0.06441938,0.06441938,-2.742340759
115,20170714,7,WBO,9,282.15,RI,RI_brown,brown,-0.188707711,0.188707711,-1.667555964
116,20170716,3,WBP,12,285.15,RI,RI_brown,brown,0.130783696,0.130783696,-2.034210496
117,20170716,3,WBP,15,288.15,RI,RI_brown,brown,0.339753983,0.339753983,-1.079533503
119,20170716,3,WBP,6,279.15,RI,RI_brown,brown,-0.181337515,0.181337515,-1.70739526
120,20170716,3,WBP,9,282.15,RI,RI_brown,brown,0.026539052,0.026539052,-3.62913797
242,20170710,10,WBC,22,295.15,RI,RI_brown,brown,-0.806207614,0.806207614,-0.215413984
243,20170710,10,WBC,26,299.15,RI,RI_brown,brown,-0.851290375,0.851290375,-0.161001992
244,20170710,10,WBC,29,302.15,RI,RI_brown,brown,-0.884086734,0.884086734,-0.123200106
245,20170710,10,WBC,32,305.15,RI,RI_brown,brown,-0.462696906,0.462696906,-0.77068307
247,20170707,9,WBF,22,295.15,RI,RI_brown,brown,-0.987391893,0.987391893,-0.012688264
248,20170707,9,WBF,26,299.15,RI,RI_brown,brown,-0.905974207,0.905974207,-0.098744442
249,20170707,9,WBF,29,302.15,RI,RI_brown,brown,-1.065038279,1.065038279,0.063010741
250,20170707,9,WBF,32,305.15,RI,RI_brown,brown,-0.472897284,0.472897284,-0.748877073
252,20170707,6,WBG,22,295.15,RI,RI_brown,brown,-1.422895855,1.422895855,0.35269413
253,20170707,6,WBG,26,299.15,RI,RI_brown,brown,-1.26634677,1.26634677,0.236136196
254,20170707,6,WBG,29,302.15,RI,RI_brown,brown,-1.45660482,1.45660482,0.376108262
255,20170707,6,WBG,32,305.15,RI,RI_brown,brown,-0.375901408,0.375901408,-0.978428383
257,20170708,3,WBI,22,295.15,RI,RI_brown,brown,-0.49166755,0.49166755,-0.709952502
258,20170708,3,WBI,26,299.15,RI,RI_brown,brown,-0.424420171,0.424420171,-0.857031345
259,20170708,3,WBI,29,302.15,RI,RI_brown,brown,-0.120737439,0.120737439,-2.114137017
260,20170708,3,WBI,32,305.15,RI,RI_brown,brown,-0.40932977,0.40932977,-0.893234164
262,20170708,4,WBK,22,295.15,RI,RI_brown,brown,-0.776045932,0.776045932,-0.25354357
263,20170708,4,WBK,26,299.15,RI,RI_brown,brown,-0.839788893,0.839788893,-0.174604737
264,20170708,4,WBK,29,302.15,RI,RI_brown,brown,-0.826089216,0.826089216,-0.191052502
265,20170708,4,WBK,32,305.15,RI,RI_brown,brown,-0.570340481,0.570340481,-0.561521761
267,20170711,8,WBN,22,295.15,RI,RI_brown,brown,-1.047890131,1.047890131,0.046778744
268,20170711,8,WBN,26,299.15,RI,RI_brown,brown,-1.31651845,1.31651845,0.274990714
269,20170711,8,WBN,29,302.15,RI,RI_brown,brown,-0.926851982,0.926851982,-0.0759614
270,20170711,8,WBN,32,305.15,RI,RI_brown,brown,-1.047985287,1.047985287,0.046869547
272,20170710,9,WBO,22,295.15,RI,RI_brown,brown,-0.688610684,0.688610684,-0.373079213
273,20170710,9,WBO,26,299.15,RI,RI_brown,brown,-0.77275379,0.77275379,-0.257794793
274,20170710,9,WBO,29,302.15,RI,RI_brown,brown,-0.596612928,0.596612928,-0.516486738
275,20170710,9,WBO,32,305.15,RI,RI_brown,brown,-0.271468108,0.271468108,-1.303910612
277,20170711,7,WBP,22,295.15,RI,RI_brown,brown,-1.020643539,1.020643539,0.020433349
278,20170711,7,WBP,26,299.15,RI,RI_brown,brown,-0.965351567,0.965351567,-0.035262926
279,20170711,7,WBP,29,302.15,RI,RI_brown,brown,-1.504285541,1.504285541,0.408318062
280,20170711,7,WBP,32,305.15,RI,RI_brown,brown,-0.733020991,0.733020991,-0.31058094
123,20170716,5,WWB,18,291.15,RI,RI_white,white,-0.273695188,0.273695188,-1.295740244
286,20170707,10,WWC,18,291.15,RI,RI_white,white,-1.035763094,1.035763094,0.035138444
133,20170713,6,WWD,18,291.15,RI,RI_white,white,-1.180497883,1.180497883,0.165936284
296,20170710,4,WWE,18,291.15,RI,RI_white,white,-0.369083503,0.369083503,-0.996732365
143,20170716,4,WWF,18,291.15,RI,RI_white,white,-0.519483468,0.519483468,-0.654920292
148,20170712,3,WWI,18,291.15,RI,RI_white,white,-0.579621143,0.579621143,-0.545380591
311,20170708,5,WWJ,18,291.15,RI,RI_white,white,-0.487166843,0.487166843,-0.719148621
158,20170714,10,WWK,18,291.15,RI,RI_white,white,0.010678059,0.010678059,-4.539564204
121,20170716,5,WWB,12,285.15,RI,RI_white,white,-0.252273427,0.252273427,-1.377241752
122,20170716,5,WWB,15,288.15,RI,RI_white,white,0.080952064,0.080952064,-2.513898102
124,20170716,5,WWB,6,279.15,RI,RI_white,white,-0.194849874,0.194849874,-1.635525894
125,20170716,5,WWB,9,282.15,RI,RI_white,white,-0.19386449,0.19386449,-1.640595869
126,20170712,7,WWC,12,285.15,RI,RI_white,white,-0.195868222,0.195868222,-1.630313183
127,20170712,7,WWC,15,288.15,RI,RI_white,white,-0.594019197,0.594019197,-0.520843642
129,20170712,7,WWC,6,279.15,RI,RI_white,white,0.276815251,0.276815251,-1.284404959
130,20170712,7,WWC,9,282.15,RI,RI_white,white,0.021232369,0.021232369,-3.852228422
131,20170713,6,WWD,12,285.15,RI,RI_white,white,-0.409575505,0.409575505,-0.892634009
132,20170713,6,WWD,15,288.15,RI,RI_white,white,-0.76187957,0.76187957,-0.27196678
134,20170713,6,WWD,6,279.15,RI,RI_white,white,-0.049484621,0.049484621,-3.006093345
135,20170713,6,WWD,9,282.15,RI,RI_white,white,-0.80253034,0.80253034,-0.219985618
136,20170714,4,WWE,12,285.15,RI,RI_white,white,-0.211211895,0.211211895,-1.554893408
137,20170714,4,WWE,15,288.15,RI,RI_white,white,-0.688811102,0.688811102,-0.372788208
139,20170714,4,WWE,6,279.15,RI,RI_white,white,0.050066932,0.050066932,-2.994394529
140,20170714,4,WWE,9,282.15,RI,RI_white,white,-0.371578282,0.371578282,-0.989995718
141,20170716,4,WWF,12,285.15,RI,RI_white,white,-0.142776738,0.142776738,-1.946473142
142,20170716,4,WWF,15,288.15,RI,RI_white,white,-0.218008413,0.218008413,-1.523221625
144,20170716,4,WWF,6,279.15,RI,RI_white,white,-0.04705331,0.04705331,-3.056474065
145,20170716,4,WWF,9,282.15,RI,RI_white,white,-0.193899756,0.193899756,-1.640413975
146,20170712,3,WWI,12,285.15,RI,RI_white,white,-0.174759809,0.174759809,-1.744342768
147,20170712,3,WWI,15,288.15,RI,RI_white,white,-0.311917593,0.311917593,-1.165016251
149,20170712,3,WWI,6,279.15,RI,RI_white,white,0.007992441,0.007992441,-4.829259059
150,20170712,3,WWI,9,282.15,RI,RI_white,white,-0.25520982,0.25520982,-1.365669249
151,20170713,5,WWJ,12,285.15,RI,RI_white,white,-0.215242537,0.215242537,-1.535989808
152,20170713,5,WWJ,15,288.15,RI,RI_white,white,-0.505242321,0.505242321,-0.682717121
154,20170713,5,WWJ,6,279.15,RI,RI_white,white,-0.12366138,0.12366138,-2.090208255
155,20170713,5,WWJ,9,282.15,RI,RI_white,white,-0.388631625,0.388631625,-0.945123363
156,20170714,10,WWK,12,285.15,RI,RI_white,white,-0.122040697,0.122040697,-2.103400708
157,20170714,10,WWK,15,288.15,RI,RI_white,white,-0.220629116,0.220629116,-1.511272195
159,20170714,10,WWK,6,279.15,RI,RI_white,white,-0.011152473,0.011152473,-4.496094012
160,20170714,10,WWK,9,282.15,RI,RI_white,white,-0.279713763,0.279713763,-1.273988474
282,20170711,9,WWB,22,295.15,RI,RI_white,white,-0.659681077,0.659681077,-0.415998777
283,20170711,9,WWB,26,299.15,RI,RI_white,white,-0.745652276,0.745652276,-0.293495905
284,20170711,9,WWB,29,302.15,RI,RI_white,white,-0.672941594,0.672941594,-0.396096738
285,20170711,9,WWB,32,305.15,RI,RI_white,white,-0.570947806,0.570947806,-0.560457482
287,20170707,10,WWC,22,295.15,RI,RI_white,white,-1.905420041,1.905420041,0.644702478
288,20170707,10,WWC,26,299.15,RI,RI_white,white,-1.834411518,1.834411518,0.606723731
289,20170707,10,WWC,29,302.15,RI,RI_white,white,-2.070548836,2.070548836,0.72781371
290,20170707,10,WWC,32,305.15,RI,RI_white,white,-0.947363049,0.947363049,-0.054072892
292,20170708,8,WWD,22,295.15,RI,RI_white,white,-2.036969935,2.036969935,0.711463378
293,20170708,8,WWD,26,299.15,RI,RI_white,white,-2.293274434,2.293274434,0.82998068
294,20170708,8,WWD,29,302.15,RI,RI_white,white,-1.370394038,1.370394038,0.315098317
295,20170708,8,WWD,32,305.15,RI,RI_white,white,-0.806157015,0.806157015,-0.215476748
297,20170710,4,WWE,22,295.15,RI,RI_white,white,-0.821638492,0.821638492,-0.196454771
298,20170710,4,WWE,26,299.15,RI,RI_white,white,-0.919764091,0.919764091,-0.083638065
299,20170710,4,WWE,29,302.15,RI,RI_white,white,-1.002800359,1.002800359,0.002796445
300,20170710,4,WWE,32,305.15,RI,RI_white,white,-0.715459106,0.715459106,-0.334830836
302,20170711,3,WWF,22,295.15,RI,RI_white,white,-1.315325557,1.315325557,0.274084207
303,20170711,3,WWF,26,299.15,RI,RI_white,white,-1.616443,1.616443,0.480228056
304,20170711,3,WWF,29,302.15,RI,RI_white,white,-0.856438066,0.856438066,-0.154973274
305,20170711,3,WWF,32,305.15,RI,RI_white,white,-0.959627841,0.959627841,-0.041209735
307,20170707,4,WWI,22,295.15,RI,RI_white,white,-1.127382226,1.127382226,0.119898331
308,20170707,4,WWI,26,299.15,RI,RI_white,white,-1.056602155,1.056602155,0.055058245
309,20170707,4,WWI,29,302.15,RI,RI_white,white,-0.539784699,0.539784699,-0.616584924
310,20170707,4,WWI,32,305.15,RI,RI_white,white,-0.559503517,0.559503517,-0.580705465
312,20170708,5,WWJ,22,295.15,RI,RI_white,white,-1.064572582,1.064572582,0.062573387
313,20170708,5,WWJ,26,299.15,RI,RI_white,white,-0.960785911,0.960785911,-0.040003672
314,20170708,5,WWJ,29,302.15,RI,RI_white,white,-0.945054256,0.945054256,-0.056512939
315,20170708,5,WWJ,32,305.15,RI,RI_white,white,-0.777846575,0.777846575,-0.251225979
317,20170710,8,WWK,22,295.15,RI,RI_white,white,-1.017853467,1.017853467,0.017695966
318,20170710,8,WWK,26,299.15,RI,RI_white,white,-1.255399453,1.255399453,0.227453811
319,20170710,8,WWK,29,302.15,RI,RI_white,white,-0.830153604,0.830153604,-0.18614453
320,20170710,8,WWK,32,305.15,RI,RI_white,white,-0.489549299,0.489549299,-0.714270109